<?xml version="1.0" encoding="UTF-8"?>
<addon id="plugin.video.dr.dk.bonanza" version="3.1.1" name="DR.dk Bonanza" provider-name="twinther">
    <requires>
        <import addon="xbmc.python" version="2.1.0"/>
        <import addon="script.module.simplejson" version="2.0.10"/>
        <import addon="script.module.buggalo" version="1.1.2"/>
    </requires>
    <extension point="xbmc.python.pluginsource" library="addon.py">
        <provides>video</provides>
    </extension>
    <extension point="xbmc.addon.metadata">
        <summary lang="en">Best and worst from DR's archives</summary>
        <summary lang="da">Det bedste og værste fra DR's arkiver</summary>
        <description lang="en">On the 16th of January 2008 DR (Danish Broadcasting Corporation) opened up its great archive to what became Bonanza. Here you can see some of the best - and worst, of what has been produced during the years.</description>
        <description lang="da">16. januar 2008 åbnede DR for sit store arkiv med Bonanza. Her kan du se lidt af det bedste - og værste af det, der er blevet produceret i årenes løb.</description>
        <disclaimer lang="en">Some parts of this addon may not be legal in your country of residence - please check with your local laws.</disclaimer>
        <disclaimer lang="da">Nogle dele af denne addon er muligvis ikke lovlig i dit land - kontroller venligst dine lokale love.</disclaimer>
        <license>GPL 2.0</license>
        <platform>all</platform>
        <language>da</language>
        <email>tommy@winther.nu</email>
        <website>http://tommy.winther.nu</website>
        <source>https://github.com/xbmc-danish-addons/plugin.video.dr.dk.bonanza</source>
        <broken>This add-on is no longer functions correctly.</broken>
    </extension>
</addon>
